{
  "id": "3469645",
  "name": "云音乐",
  "font_family": "iconfont",
  "css_prefix_text": "icon-",
  "description": "",
  "glyphs": [
    {
      "icon_id": "1029",
      "name": "音乐",
      "font_class": "yinle",
      "unicode": "e600",
      "unicode_decimal": 58880
    },
    {
      "icon_id": "982499",
      "name": "排行",
      "font_class": "paixing",
      "unicode": "e66e",
      "unicode_decimal": 58990
    },
    {
      "icon_id": "5768517",
      "name": "推荐",
      "font_class": "tuijian",
      "unicode": "e627",
      "unicode_decimal": 58919
    },
    {
      "icon_id": "11372739",
      "name": "直播",
      "font_class": "zhibo",
      "unicode": "e8c1",
      "unicode_decimal": 59585
    },
    {
      "icon_id": "11391497",
      "name": "电台",
      "font_class": "diantai",
      "unicode": "e636",
      "unicode_decimal": 58934
    },
    {
      "icon_id": "14720513",
      "name": "歌单",
      "font_class": "gedan",
      "unicode": "e61b",
      "unicode_decimal": 58907
    }
  ]
}
