{
  "id": "3469645",
  "name": "云音乐",
  "font_family": "iconfont",
  "css_prefix_text": "icon-",
  "description": "",
  "glyphs": [
    {
      "icon_id": "688097",
      "name": "上一首 上一个",
      "font_class": "shangyishoushangyige",
      "unicode": "e78a",
      "unicode_decimal": 59274
    },
    {
      "icon_id": "688128",
      "name": "下一个 下一首",
      "font_class": "xiayigexiayishou",
      "unicode": "e7a5",
      "unicode_decimal": 59301
    },
    {
      "icon_id": "2674474",
      "name": "播放",
      "font_class": "bofang",
      "unicode": "e624",
      "unicode_decimal": 58916
    },
    {
      "icon_id": "2674483",
      "name": "暂停",
      "font_class": "zanting",
      "unicode": "e629",
      "unicode_decimal": 58921
    },
    {
      "icon_id": "7594053",
      "name": "24gl-playlist3",
      "font_class": "24gl-playlist3",
      "unicode": "ea6f",
      "unicode_decimal": 60015
    },
    {
      "icon_id": "7594081",
      "name": "24gl-shuffle",
      "font_class": "24gl-shuffle",
      "unicode": "ea75",
      "unicode_decimal": 60021
    },
    {
      "icon_id": "19412290",
      "name": "更多",
      "font_class": "gengduo",
      "unicode": "e607",
      "unicode_decimal": 58887
    },
    {
      "icon_id": "7006867",
      "name": "视频",
      "font_class": "shipin",
      "unicode": "e618",
      "unicode_decimal": 58904
    },
    {
      "icon_id": "1029",
      "name": "音乐",
      "font_class": "yinle",
      "unicode": "e600",
      "unicode_decimal": 58880
    },
    {
      "icon_id": "982499",
      "name": "排行",
      "font_class": "paixing",
      "unicode": "e66e",
      "unicode_decimal": 58990
    },
    {
      "icon_id": "5768517",
      "name": "推荐",
      "font_class": "tuijian",
      "unicode": "e627",
      "unicode_decimal": 58919
    },
    {
      "icon_id": "11372739",
      "name": "直播",
      "font_class": "zhibo",
      "unicode": "e8c1",
      "unicode_decimal": 59585
    },
    {
      "icon_id": "11391497",
      "name": "电台",
      "font_class": "diantai",
      "unicode": "e636",
      "unicode_decimal": 58934
    },
    {
      "icon_id": "14720513",
      "name": "歌单",
      "font_class": "gedan",
      "unicode": "e61b",
      "unicode_decimal": 58907
    }
  ]
}
